{"cameraMode":{"drawMode":0,"name":"Shaded","section":"Shading Mode"},"sceneLighting":true,"audioPlay":false,"sceneViewState":{"showFog":true,"showMaterialUpdate":false,"showSkybox":true,"showFlares":true,"showImageEffects":true,"showParticleSystems":true},"in2DMode":false,"pivot":{"x":42.84955596923828,"y":-2.8569164276123049,"z":12.890728950500489},"rotation":{"x":0.016532298177480699,"y":-0.8969360589981079,"z":0.03365021198987961,"w":0.44060689210891726},"size":8.931598663330079,"orthographic":true}