{"cameraMode":{"drawMode":0,"name":"Shaded","section":"Shading Mode"},"sceneLighting":true,"audioPlay":false,"sceneViewState":{"showFog":true,"showMaterialUpdate":false,"showSkybox":true,"showFlares":true,"showImageEffects":true,"showParticleSystems":true},"in2DMode":false,"pivot":{"x":-0.7951575517654419,"y":-0.031032562255859376,"z":5.29014778137207},"rotation":{"x":0.332062691450119,"y":-0.6651728749275208,"z":0.43428051471710207,"w":0.5086094737052918},"size":25.29351234436035,"orthographic":true}