{"cameraMode":{"drawMode":0,"name":"Shaded","section":"Shading Mode"},"sceneLighting":false,"audioPlay":false,"sceneViewState":{"showFog":true,"showMaterialUpdate":false,"showSkybox":false,"showFlares":true,"showImageEffects":true,"showParticleSystems":true},"in2DMode":false,"pivot":{"x":-0.69903564453125,"y":-0.031032562255859376,"z":5.394500732421875},"rotation":{"x":0.02253083512187004,"y":-0.7357651591300964,"z":0.6764204502105713,"w":0.024508239701390268},"size":714.148193359375,"orthographic":true}