{"cameraMode":{"drawMode":0,"name":"Shaded","section":"Shading Mode"},"sceneLighting":true,"audioPlay":false,"sceneViewState":{"showFog":true,"showMaterialUpdate":false,"showSkybox":true,"showFlares":true,"showImageEffects":true,"showParticleSystems":true},"in2DMode":false,"pivot":{"x":-2.573638916015625,"y":3.524043083190918,"z":7.884746551513672},"rotation":{"x":-0.7250482439994812,"y":0.16810104250907899,"z":-0.19039419293403626,"w":-0.6401574611663818},"size":11.242752075195313,"orthographic":true}