{"cameraMode":{"drawMode":0,"name":"Shaded","section":"Shading Mode"},"sceneLighting":true,"audioPlay":false,"sceneViewState":{"showFog":true,"showMaterialUpdate":false,"showSkybox":true,"showFlares":true,"showImageEffects":true,"showParticleSystems":true},"in2DMode":false,"pivot":{"x":1.090835452079773,"y":-0.6089204549789429,"z":13.392251968383789},"rotation":{"x":0.026207948103547097,"y":-0.9706012606620789,"z":0.12442731112241745,"w":0.20445436239242555},"size":18.116323471069337,"orthographic":true}