{"cameraMode":{"drawMode":0,"name":"Shaded","section":"Shading Mode"},"sceneLighting":true,"audioPlay":false,"sceneViewState":{"showFog":true,"showMaterialUpdate":false,"showSkybox":true,"showFlares":true,"showImageEffects":true,"showParticleSystems":true},"in2DMode":false,"pivot":{"x":-0.7951575517654419,"y":-0.031032562255859376,"z":5.29014778137207},"rotation":{"x":0.5541945099830627,"y":-0.36396104097366335,"z":0.2927590608596802,"w":0.6889809370040894},"size":9.743339538574219,"orthographic":true}