{"cameraMode":{"drawMode":0,"name":"Shaded","section":"Shading Mode"},"sceneLighting":true,"audioPlay":false,"sceneViewState":{"showFog":true,"showMaterialUpdate":false,"showSkybox":true,"showFlares":true,"showImageEffects":true,"showParticleSystems":true},"in2DMode":false,"pivot":{"x":2.294541835784912,"y":-0.7364667057991028,"z":12.682380676269532},"rotation":{"x":0.0004910960560664535,"y":-0.9724130630493164,"z":0.2333332896232605,"w":0.002053766045719385},"size":21.87175178527832,"orthographic":true}