{"cameraMode":{"drawMode":0,"name":"Shaded","section":"Shading Mode"},"sceneLighting":true,"audioPlay":false,"sceneViewState":{"showFog":true,"showMaterialUpdate":false,"showSkybox":true,"showFlares":true,"showImageEffects":true,"showParticleSystems":true},"in2DMode":false,"pivot":{"x":0.0,"y":-0.00451197475194931,"z":12.479999542236329},"rotation":{"x":0.6089445948600769,"y":-0.016654064878821374,"z":0.012789753265678883,"w":0.7929351329803467},"size":9.767770767211914,"orthographic":true}