{"cameraMode":{"drawMode":0,"name":"Shaded","section":"Shading Mode"},"sceneLighting":true,"audioPlay":false,"sceneViewState":{"showFog":true,"showMaterialUpdate":false,"showSkybox":true,"showFlares":true,"showImageEffects":true,"showParticleSystems":true},"in2DMode":false,"pivot":{"x":737.7030639648438,"y":323.9414978027344,"z":4.145312309265137},"rotation":{"x":0.003935353830456734,"y":-0.9675570726394653,"z":0.2522178292274475,"w":0.015105987899005413},"size":714.301513671875,"orthographic":true}