{"cameraMode":{"drawMode":0,"name":"Shaded","section":"Shading Mode"},"sceneLighting":true,"audioPlay":false,"sceneViewState":{"showFog":true,"showMaterialUpdate":false,"showSkybox":true,"showFlares":true,"showImageEffects":true,"showParticleSystems":true},"in2DMode":false,"pivot":{"x":2.4124603271484377,"y":2.0703125,"z":10.9794921875},"rotation":{"x":0.004210939630866051,"y":-0.7702896595001221,"z":0.6376930475234985,"w":0.005097126122564077},"size":15.068968772888184,"orthographic":true}