{"cameraMode":{"drawMode":0,"name":"Shaded","section":"Shading Mode"},"sceneLighting":false,"audioPlay":false,"sceneViewState":{"showFog":true,"showMaterialUpdate":false,"showSkybox":false,"showFlares":true,"showImageEffects":true,"showParticleSystems":true},"in2DMode":false,"pivot":{"x":0.0032122135162353517,"y":0.0,"z":-0.14002633094787599},"rotation":{"x":0.051235493272542956,"y":-0.9244338274002075,"z":0.1340477466583252,"w":0.35336458683013918},"size":8.783807754516602,"orthographic":true}