{"cameraMode":{"drawMode":0,"name":"Shaded","section":"Shading Mode"},"sceneLighting":true,"audioPlay":false,"sceneViewState":{"showFog":true,"showMaterialUpdate":false,"showSkybox":true,"showFlares":true,"showImageEffects":true,"showParticleSystems":true},"in2DMode":false,"pivot":{"x":-1.2836973667144776,"y":-9.106860160827637,"z":9.874223709106446},"rotation":{"x":-0.0262569859623909,"y":0.7565127015113831,"z":-0.6527450084686279,"w":-0.03043106384575367},"size":19.166688919067384,"orthographic":false}